{
  "alternative": "two-sided",
  "stat": 5149.5,
  "p": 0.7157993182210058,
  "sample1": {
    "filename": "infoNocost_testNetwork4QubitIsing_2_0_20.nc_30_1_2022-02-17_17-21-18_config_01.yaml",
    "distribution": {
      "bestBitstring": "0101",
      "bitstrings": [
        "0000",
        "0001",
        "0010",
        "0011",
        "0100",
        "0110",
        "0111",
        "1000",
        "1001",
        "1010",
        "1011",
        "1100",
        "1101",
        "1110",
        "1111"
      ],
      "stat": [
        10000.0,
        10000.0,
        10000.0,
        10000.0,
        10000.0,
        10000.0,
        10000.0,
        10000.0,
        10000.0,
        10000.0,
        10000.0,
        10000.0,
        10000.0,
        10000.0,
        10000.0
      ],
      "p": [
        1.275526966411378e-34,
        1.2529444516427645e-34,
        1.2576138593182512e-34,
        6.076459760543208e-35,
        1.2748085699929922e-34,
        1.2177707366953582e-34,
        1.2676462345390374e-34,
        1.27466493798153e-34,
        1.275455109039021e-34,
        1.1907959767922838e-34,
        1.261020427667041e-34,
        1.27466493798153e-34,
        1.2567636179817895e-34,
        1.2574721135536896e-34,
        5.724748556548966e-35
      ],
      "bestMedian": 0.3675537109375,
      "H0": {
        "bitstrings": [],
        "stat": [],
        "p": []
      },
      "H1": {
        "bitstrings": [
          "0000",
          "0001",
          "0010",
          "0011",
          "0100",
          "0110",
          "0111",
          "1000",
          "1001",
          "1010",
          "1011",
          "1100",
          "1101",
          "1110",
          "1111"
        ],
        "stat": [
          10000.0,
          10000.0,
          10000.0,
          10000.0,
          10000.0,
          10000.0,
          10000.0,
          10000.0,
          10000.0,
          10000.0,
          10000.0,
          10000.0,
          10000.0,
          10000.0,
          10000.0
        ],
        "p": [
          1.275526966411378e-34,
          1.2529444516427645e-34,
          1.2576138593182512e-34,
          6.076459760543208e-35,
          1.2748085699929922e-34,
          1.2177707366953582e-34,
          1.2676462345390374e-34,
          1.27466493798153e-34,
          1.275455109039021e-34,
          1.1907959767922838e-34,
          1.261020427667041e-34,
          1.27466493798153e-34,
          1.2567636179817895e-34,
          1.2574721135536896e-34,
          5.724748556548966e-35
        ],
        "minP": 5.724748556548966e-35,
        "maxP": 1.275526966411378e-34
      }
    }
  },
  "sample2": {
    "filename": "infoNocost_testNetwork4QubitIsing_2_0_20.nc_30_1_2022-02-17_17-21-18_config_03.yaml",
    "distribution": {
      "bestBitstring": "0101",
      "bitstrings": [
        "0000",
        "0001",
        "0010",
        "0011",
        "0100",
        "0110",
        "0111",
        "1000",
        "1001",
        "1010",
        "1011",
        "1100",
        "1101",
        "1110",
        "1111"
      ],
      "stat": [
        10000.0,
        10000.0,
        10000.0,
        10000.0,
        10000.0,
        10000.0,
        10000.0,
        10000.0,
        10000.0,
        10000.0,
        10000.0,
        10000.0,
        10000.0,
        10000.0,
        10000.0
      ],
      "p": [
        1.2777565006794306e-34,
        1.2543576385217325e-34,
        1.2650773955759263e-34,
        6.07366758408235e-35,
        1.2774686058107716e-34,
        1.215094695783044e-34,
        1.2673605574241155e-34,
        1.2768210732100648e-34,
        1.2773966419606088e-34,
        1.1642059740057639e-34,
        1.2591740896531728e-34,
        1.2785485372700738e-34,
        1.2620868212149398e-34,
        1.2615179687900326e-34,
        6.906720657170459e-35
      ],
      "bestMedian": 0.3656005859375,
      "H0": {
        "bitstrings": [],
        "stat": [],
        "p": []
      },
      "H1": {
        "bitstrings": [
          "0000",
          "0001",
          "0010",
          "0011",
          "0100",
          "0110",
          "0111",
          "1000",
          "1001",
          "1010",
          "1011",
          "1100",
          "1101",
          "1110",
          "1111"
        ],
        "stat": [
          10000.0,
          10000.0,
          10000.0,
          10000.0,
          10000.0,
          10000.0,
          10000.0,
          10000.0,
          10000.0,
          10000.0,
          10000.0,
          10000.0,
          10000.0,
          10000.0,
          10000.0
        ],
        "p": [
          1.2777565006794306e-34,
          1.2543576385217325e-34,
          1.2650773955759263e-34,
          6.07366758408235e-35,
          1.2774686058107716e-34,
          1.215094695783044e-34,
          1.2673605574241155e-34,
          1.2768210732100648e-34,
          1.2773966419606088e-34,
          1.1642059740057639e-34,
          1.2591740896531728e-34,
          1.2785485372700738e-34,
          1.2620868212149398e-34,
          1.2615179687900326e-34,
          6.906720657170459e-35
        ],
        "minP": 6.07366758408235e-35,
        "maxP": 1.2785485372700738e-34
      }
    }
  }
}