{
  "alternative": "two-sided",
  "stat": 5178.0,
  "p": 0.6644888953425256,
  "sample1": {
    "filename": "infoNocost_testNetwork4QubitIsing_2_0_20.nc_30_1_2022-02-17_17-21-18_config_01.yaml",
    "distribution": {
      "bestBitstring": "0101",
      "bitstrings": [
        "0000",
        "0001",
        "0010",
        "0011",
        "0100",
        "0110",
        "0111",
        "1000",
        "1001",
        "1010",
        "1011",
        "1100",
        "1101",
        "1110",
        "1111"
      ],
      "stat": [
        10000.0,
        10000.0,
        10000.0,
        10000.0,
        10000.0,
        10000.0,
        10000.0,
        10000.0,
        10000.0,
        10000.0,
        10000.0,
        10000.0,
        10000.0,
        10000.0,
        10000.0
      ],
      "p": [
        1.275526966411378e-34,
        1.2529444516427645e-34,
        1.2576138593182512e-34,
        6.076459760543208e-35,
        1.2748085699929922e-34,
        1.2177707366953582e-34,
        1.2676462345390374e-34,
        1.27466493798153e-34,
        1.275455109039021e-34,
        1.1907959767922838e-34,
        1.261020427667041e-34,
        1.27466493798153e-34,
        1.2567636179817895e-34,
        1.2574721135536896e-34,
        5.724748556548966e-35
      ],
      "bestMedian": 0.3675537109375,
      "H0": {
        "bitstrings": [],
        "stat": [],
        "p": []
      },
      "H1": {
        "bitstrings": [
          "0000",
          "0001",
          "0010",
          "0011",
          "0100",
          "0110",
          "0111",
          "1000",
          "1001",
          "1010",
          "1011",
          "1100",
          "1101",
          "1110",
          "1111"
        ],
        "stat": [
          10000.0,
          10000.0,
          10000.0,
          10000.0,
          10000.0,
          10000.0,
          10000.0,
          10000.0,
          10000.0,
          10000.0,
          10000.0,
          10000.0,
          10000.0,
          10000.0,
          10000.0
        ],
        "p": [
          1.275526966411378e-34,
          1.2529444516427645e-34,
          1.2576138593182512e-34,
          6.076459760543208e-35,
          1.2748085699929922e-34,
          1.2177707366953582e-34,
          1.2676462345390374e-34,
          1.27466493798153e-34,
          1.275455109039021e-34,
          1.1907959767922838e-34,
          1.261020427667041e-34,
          1.27466493798153e-34,
          1.2567636179817895e-34,
          1.2574721135536896e-34,
          5.724748556548966e-35
        ],
        "minP": 5.724748556548966e-35,
        "maxP": 1.275526966411378e-34
      }
    }
  },
  "sample2": {
    "filename": "infoNocost_testNetwork4QubitIsing_2_0_20.nc_30_1_2022-02-17_17-21-18_config_05.yaml",
    "distribution": {
      "bestBitstring": "0101",
      "bitstrings": [
        "0000",
        "0001",
        "0010",
        "0011",
        "0100",
        "0110",
        "0111",
        "1000",
        "1001",
        "1010",
        "1011",
        "1100",
        "1101",
        "1110",
        "1111"
      ],
      "stat": [
        10000.0,
        10000.0,
        10000.0,
        10000.0,
        10000.0,
        10000.0,
        10000.0,
        10000.0,
        10000.0,
        10000.0,
        10000.0,
        10000.0,
        10000.0,
        10000.0,
        10000.0
      ],
      "p": [
        1.2777565006794306e-34,
        1.244918832876608e-34,
        1.2525913971635955e-34,
        7.453091949398046e-35,
        1.2755988277246435e-34,
        1.2333218278440037e-34,
        1.272942582134617e-34,
        1.2755988277246435e-34,
        1.2753114061160453e-34,
        1.1534067907794225e-34,
        1.2635812471341794e-34,
        1.2753832556073074e-34,
        1.2574721135536896e-34,
        1.263082913864983e-34,
        5.50908869600736e-35
      ],
      "bestMedian": 0.3677978515625,
      "H0": {
        "bitstrings": [],
        "stat": [],
        "p": []
      },
      "H1": {
        "bitstrings": [
          "0000",
          "0001",
          "0010",
          "0011",
          "0100",
          "0110",
          "0111",
          "1000",
          "1001",
          "1010",
          "1011",
          "1100",
          "1101",
          "1110",
          "1111"
        ],
        "stat": [
          10000.0,
          10000.0,
          10000.0,
          10000.0,
          10000.0,
          10000.0,
          10000.0,
          10000.0,
          10000.0,
          10000.0,
          10000.0,
          10000.0,
          10000.0,
          10000.0,
          10000.0
        ],
        "p": [
          1.2777565006794306e-34,
          1.244918832876608e-34,
          1.2525913971635955e-34,
          7.453091949398046e-35,
          1.2755988277246435e-34,
          1.2333218278440037e-34,
          1.272942582134617e-34,
          1.2755988277246435e-34,
          1.2753114061160453e-34,
          1.1534067907794225e-34,
          1.2635812471341794e-34,
          1.2753832556073074e-34,
          1.2574721135536896e-34,
          1.263082913864983e-34,
          5.50908869600736e-35
        ],
        "minP": 5.50908869600736e-35,
        "maxP": 1.2777565006794306e-34
      }
    }
  }
}