{
  "alternative": "two-sided",
  "stat": 5649.0,
  "p": 0.11306181830638236,
  "sample1": {
    "filename": "infoNocost_testNetwork4QubitIsing_2_0_20.nc_30_1_2022-02-18_08-34-00_config_23.yaml",
    "distribution": {
      "bestBitstring": "0101",
      "bitstrings": [
        "0000",
        "0001",
        "0010",
        "0011",
        "0100",
        "0110",
        "0111",
        "1000",
        "1001",
        "1010",
        "1011",
        "1100",
        "1101",
        "1110",
        "1111"
      ],
      "stat": [
        10000.0,
        10000.0,
        10000.0,
        10000.0,
        10000.0,
        10000.0,
        10000.0,
        10000.0,
        10000.0,
        10000.0,
        10000.0,
        10000.0,
        10000.0,
        10000.0,
        10000.0
      ],
      "p": [
        1.2789807586468e-34,
        1.2786205642906302e-34,
        1.2703632954575643e-34,
        1.2660044467651741e-34,
        1.2772527260990518e-34,
        1.2643647289877135e-34,
        1.2727991547873732e-34,
        1.2780444587066524e-34,
        1.2797014437096496e-34,
        1.2625847719157136e-34,
        1.2675033881467263e-34,
        1.2789087118744188e-34,
        1.2780444587066524e-34,
        1.2707212252478758e-34,
        1.260736204224438e-34
      ],
      "bestMedian": 0.2779541015625,
      "H0": {
        "bitstrings": [],
        "stat": [],
        "p": []
      },
      "H1": {
        "bitstrings": [
          "0000",
          "0001",
          "0010",
          "0011",
          "0100",
          "0110",
          "0111",
          "1000",
          "1001",
          "1010",
          "1011",
          "1100",
          "1101",
          "1110",
          "1111"
        ],
        "stat": [
          10000.0,
          10000.0,
          10000.0,
          10000.0,
          10000.0,
          10000.0,
          10000.0,
          10000.0,
          10000.0,
          10000.0,
          10000.0,
          10000.0,
          10000.0,
          10000.0,
          10000.0
        ],
        "p": [
          1.2789807586468e-34,
          1.2786205642906302e-34,
          1.2703632954575643e-34,
          1.2660044467651741e-34,
          1.2772527260990518e-34,
          1.2643647289877135e-34,
          1.2727991547873732e-34,
          1.2780444587066524e-34,
          1.2797014437096496e-34,
          1.2625847719157136e-34,
          1.2675033881467263e-34,
          1.2789087118744188e-34,
          1.2780444587066524e-34,
          1.2707212252478758e-34,
          1.260736204224438e-34
        ],
        "minP": 1.260736204224438e-34,
        "maxP": 1.2797014437096496e-34
      }
    }
  },
  "sample2": {
    "filename": "infoNocost_testNetwork4QubitIsing_2_0_20.nc_30_1_2022-02-18_08-34-00_config_22.yaml",
    "distribution": {
      "bestBitstring": "0101",
      "bitstrings": [
        "0000",
        "0001",
        "0010",
        "0011",
        "0100",
        "0110",
        "0111",
        "1000",
        "1001",
        "1010",
        "1011",
        "1100",
        "1101",
        "1110",
        "1111"
      ],
      "stat": [
        10000.0,
        10000.0,
        10000.0,
        10000.0,
        10000.0,
        10000.0,
        10000.0,
        10000.0,
        10000.0,
        10000.0,
        10000.0,
        10000.0,
        10000.0,
        10000.0,
        10000.0
      ],
      "p": [
        1.2774686058107716e-34,
        1.2769649417254791e-34,
        1.2684321698671498e-34,
        1.2660044467651741e-34,
        1.2784044950779518e-34,
        1.2627982379002209e-34,
        1.2753832556073074e-34,
        1.2753832556073074e-34,
        1.2788366690528238e-34,
        1.2620157010085357e-34,
        1.268289237261665e-34,
        1.2763176576525218e-34,
        1.275670692978989e-34,
        1.2686465981769115e-34,
        1.2547818970684272e-34
      ],
      "bestMedian": 0.270751953125,
      "H0": {
        "bitstrings": [],
        "stat": [],
        "p": []
      },
      "H1": {
        "bitstrings": [
          "0000",
          "0001",
          "0010",
          "0011",
          "0100",
          "0110",
          "0111",
          "1000",
          "1001",
          "1010",
          "1011",
          "1100",
          "1101",
          "1110",
          "1111"
        ],
        "stat": [
          10000.0,
          10000.0,
          10000.0,
          10000.0,
          10000.0,
          10000.0,
          10000.0,
          10000.0,
          10000.0,
          10000.0,
          10000.0,
          10000.0,
          10000.0,
          10000.0,
          10000.0
        ],
        "p": [
          1.2774686058107716e-34,
          1.2769649417254791e-34,
          1.2684321698671498e-34,
          1.2660044467651741e-34,
          1.2784044950779518e-34,
          1.2627982379002209e-34,
          1.2753832556073074e-34,
          1.2753832556073074e-34,
          1.2788366690528238e-34,
          1.2620157010085357e-34,
          1.268289237261665e-34,
          1.2763176576525218e-34,
          1.275670692978989e-34,
          1.2686465981769115e-34,
          1.2547818970684272e-34
        ],
        "minP": 1.2547818970684272e-34,
        "maxP": 1.2788366690528238e-34
      }
    }
  }
}