{
  "alternative": "greater",
  "stat": 8157.0,
  "p": 6.1581143369011865e-15,
  "sample1": {
    "filename": "infoNocost_testNetwork4QubitIsing_2_0_20.nc_30_1_2022-02-17_17-21-18_config_02.yaml",
    "distribution": {
      "bestBitstring": "0101",
      "bitstrings": [
        "0000",
        "0001",
        "0010",
        "0011",
        "0100",
        "0110",
        "0111",
        "1000",
        "1001",
        "1010",
        "1011",
        "1100",
        "1101",
        "1110",
        "1111"
      ],
      "stat": [
        10000.0,
        10000.0,
        10000.0,
        10000.0,
        10000.0,
        10000.0,
        10000.0,
        10000.0,
        10000.0,
        10000.0,
        10000.0,
        10000.0,
        10000.0,
        10000.0,
        10000.0
      ],
      "p": [
        1.2792689852482442e-34,
        1.279773533954454e-34,
        1.2744495195015626e-34,
        1.267074942981189e-34,
        1.277036881900671e-34,
        1.263225275273518e-34,
        1.2750958812830882e-34,
        1.2784765141992691e-34,
        1.2793410517776738e-34,
        1.2591031292322246e-34,
        1.2676462345390374e-34,
        1.2791969226706704e-34,
        1.2786925952611673e-34,
        1.2726557431717577e-34,
        1.2699339092579328e-34
      ],
      "bestMedian": 0.2318115234375,
      "H0": {
        "bitstrings": [],
        "stat": [],
        "p": []
      },
      "H1": {
        "bitstrings": [
          "0000",
          "0001",
          "0010",
          "0011",
          "0100",
          "0110",
          "0111",
          "1000",
          "1001",
          "1010",
          "1011",
          "1100",
          "1101",
          "1110",
          "1111"
        ],
        "stat": [
          10000.0,
          10000.0,
          10000.0,
          10000.0,
          10000.0,
          10000.0,
          10000.0,
          10000.0,
          10000.0,
          10000.0,
          10000.0,
          10000.0,
          10000.0,
          10000.0,
          10000.0
        ],
        "p": [
          1.2792689852482442e-34,
          1.279773533954454e-34,
          1.2744495195015626e-34,
          1.267074942981189e-34,
          1.277036881900671e-34,
          1.263225275273518e-34,
          1.2750958812830882e-34,
          1.2784765141992691e-34,
          1.2793410517776738e-34,
          1.2591031292322246e-34,
          1.2676462345390374e-34,
          1.2791969226706704e-34,
          1.2786925952611673e-34,
          1.2726557431717577e-34,
          1.2699339092579328e-34
        ],
        "minP": 1.2591031292322246e-34,
        "maxP": 1.279773533954454e-34
      }
    }
  },
  "sample2": {
    "filename": "infoNocost_testNetwork4QubitIsing_2_0_20.nc_30_1_2022-02-17_17-21-18_config_04.yaml",
    "distribution": {
      "bestBitstring": "0101",
      "bitstrings": [
        "0000",
        "0001",
        "0010",
        "0011",
        "0100",
        "0110",
        "0111",
        "1000",
        "1001",
        "1010",
        "1011",
        "1100",
        "1101",
        "1110",
        "1111"
      ],
      "stat": [
        10000.0,
        10000.0,
        10000.0,
        10000.0,
        10000.0,
        10000.0,
        10000.0,
        10000.0,
        9999.0,
        10000.0,
        10000.0,
        10000.0,
        10000.0,
        10000.0,
        10000.0
      ],
      "p": [
        1.2790528093701405e-34,
        1.2790528093701405e-34,
        1.2757425621746641e-34,
        1.2707212252478758e-34,
        1.2781164580835627e-34,
        1.2675033881467263e-34,
        1.271007639761892e-34,
        1.2773246820567234e-34,
        1.3171718848226177e-34,
        1.263154092616891e-34,
        1.2705064555948993e-34,
        1.2781164580835627e-34,
        1.2785485372700738e-34,
        1.2711508705841016e-34,
        1.267074942981189e-34
      ],
      "bestMedian": 0.208740234375,
      "H0": {
        "bitstrings": [],
        "stat": [],
        "p": []
      },
      "H1": {
        "bitstrings": [
          "0000",
          "0001",
          "0010",
          "0011",
          "0100",
          "0110",
          "0111",
          "1000",
          "1001",
          "1010",
          "1011",
          "1100",
          "1101",
          "1110",
          "1111"
        ],
        "stat": [
          10000.0,
          10000.0,
          10000.0,
          10000.0,
          10000.0,
          10000.0,
          10000.0,
          10000.0,
          9999.0,
          10000.0,
          10000.0,
          10000.0,
          10000.0,
          10000.0,
          10000.0
        ],
        "p": [
          1.2790528093701405e-34,
          1.2790528093701405e-34,
          1.2757425621746641e-34,
          1.2707212252478758e-34,
          1.2781164580835627e-34,
          1.2675033881467263e-34,
          1.271007639761892e-34,
          1.2773246820567234e-34,
          1.3171718848226177e-34,
          1.263154092616891e-34,
          1.2705064555948993e-34,
          1.2781164580835627e-34,
          1.2785485372700738e-34,
          1.2711508705841016e-34,
          1.267074942981189e-34
        ],
        "minP": 1.263154092616891e-34,
        "maxP": 1.3171718848226177e-34
      }
    }
  }
}